{"importBase":"import","nativeBase":"native","name":"resources","deps":[],"uuids":["1fq5L+6oZPZYq0a7SAdqiE","2eBZhaVYFIFpYpC0AIC6wo","35X15YD5JNwb1z+R2TF+Dq","96YShOj1xKyZrTlrES2Mw/","b9YxxdsCFCsZvcxJ/JkR/s","ed/Tv8L2BDiKxNCJx2ys0M","012b5915b","015cb8491","01d24c71f","03940d609","0613997fc","2eBZhaVYFIFpYpC0AIC6wo@6c48a","2eBZhaVYFIFpYpC0AIC6wo@f9941","b9YxxdsCFCsZvcxJ/JkR/s@6c48a","b9YxxdsCFCsZvcxJ/JkR/s@f9941","ed/Tv8L2BDiKxNCJx2ys0M@6c48a","ed/Tv8L2BDiKxNCJx2ys0M@f9941"],"paths":{"0":["enemy",0],"2":["bullet",0],"3":["bang",0]},"scenes":{},"packs":{"012b5915b":["12","2"],"015cb8491":["1","4","5"],"01d24c71f":["0","16"],"03940d609":["3","14"],"0613997fc":["11","13","15"]},"versions":{"import":[6,"bb269",7,"8ebdd",8,"312e8",9,"2c589",10,"657a4"],"native":[1,"9ada3",4,"404ee",5,"5ecaa"]},"redirect":[],"debug":false,"extensionMap":{},"hasPreloadScript":true,"types":["cc.Prefab"]}