[1,["b9YxxdsCFCsZvcxJ/JkR/s@f9941","b9YxxdsCFCsZvcxJ/JkR/s@6c48a"],["node","root","data","_spriteFrame","_textureSource"],["cc.SpriteFrame",["cc.Prefab",["_name"],2],["cc.Node",["_name","_layer","_components","_prefab","_lpos"],1,9,4,5],["cc.UITransform",["node","__prefab","_contentSize"],3,1,4,5],["cc.CompPrefabInfo",["fileId"],2],["cc.Sprite",["node","__prefab","_spriteFrame"],3,1,4,6],["cc.PrefabInfo",["fileId","instance","targetOverrides","nestedPrefabInstanceRoots","root","asset"],-1,1,1]],[[4,0,2],[1,0,2],[2,0,1,2,3,4,3],[3,0,1,2,1],[5,0,1,2,1],[6,0,1,2,3,4,5,5]],[[[[1,"bang"],[2,"bang",33554432,[[3,-2,[0,"fcDp0R0N1GEa2Z/D0OsRie"],[5,65,55]],[4,-3,[0,"f1w3fWmRtO/ooTestXR6T9"],0]],[5,"72ExjOxZdLp6kn4TNCHU2n",null,null,null,-1,0],[1,71.094,-69.531,0]]],0,[0,1,1,0,0,1,0,0,1,0,2,1,3],[0],[3],[0]],[[{"name":"bang","rect":{"x":0,"y":0,"width":65,"height":55},"offset":{"x":0,"y":0},"originalSize":{"width":65,"height":55},"rotated":false,"capInsets":[0,0,0,0],"vertices":{"rawPosition":[-32.5,-27.5,0,32.5,-27.5,0,-32.5,27.5,0,32.5,27.5,0],"indexes":[0,1,2,2,1,3],"uv":[0,55,65,55,0,0,65,0],"nuv":[0,0,1,0,0,1,1,1],"minPos":{"x":-32.5,"y":-27.5,"z":0},"maxPos":{"x":32.5,"y":27.5,"z":0}},"packable":true,"pixelsToUnit":100,"pivot":{"x":0.5,"y":0.5},"meshType":0}],[0],0,[0],[4],[1]]]]
