{"importBase":"import","nativeBase":"native","name":"main","deps":["resources"],"uuids":["1dyPYgoLBMGZvZywpusbfj","20g1ukYUVPvKWKBRznAKo+","35OEOrM1hJir6oOBGD8EuQ","42BYLBiodOLYnfCyZO9IdD","54TknWPwVPqJqeCR+Y/Czo","59sHRkF1tCl6Tzw1thpr4i","84GL+FgDZDpYIOWnq9Lvip","95EkngnxZFbYuFpsqVTaFr","957/Hi6MtK25ZrN1hkeyZI","b6Vd8u02dC0ZdNP95tlv17","baIUdvKGZPgZxNbjWTFuRI","bdE3+2d0FMGZLVyRvqDDTB","fdjsU2o1RKF5x0TziDw3jI","0521fbb9a","096104e7d","0d514cc3a","0fe0ca163","1dyPYgoLBMGZvZywpusbfj@6c48a","1dyPYgoLBMGZvZywpusbfj@f9941","1fq5L+6oZPZYq0a7SAdqiE","20g1ukYUVPvKWKBRznAKo+@6c48a","20g1ukYUVPvKWKBRznAKo+@f9941","35X15YD5JNwb1z+R2TF+Dq","42BYLBiodOLYnfCyZO9IdD@6c48a","42BYLBiodOLYnfCyZO9IdD@f9941","54TknWPwVPqJqeCR+Y/Czo@6c48a","54TknWPwVPqJqeCR+Y/Czo@f9941","59sHRkF1tCl6Tzw1thpr4i@6c48a","59sHRkF1tCl6Tzw1thpr4i@f9941","84GL+FgDZDpYIOWnq9Lvip@6c48a","84GL+FgDZDpYIOWnq9Lvip@f9941","95EkngnxZFbYuFpsqVTaFr@6c48a","95EkngnxZFbYuFpsqVTaFr@f9941","957/Hi6MtK25ZrN1hkeyZI@6c48a","957/Hi6MtK25ZrN1hkeyZI@f9941","96YShOj1xKyZrTlrES2Mw/","b6Vd8u02dC0ZdNP95tlv17@6c48a","b6Vd8u02dC0ZdNP95tlv17@f9941"],"paths":{"10":["db:/internal/physics/default-physics-material",1],"12":["db:/internal/default_renderpipeline/builtin-forward",0]},"scenes":{"db://assets/scenes/start.scene":2,"db://assets/scenes/graph.scene":11},"packs":{"0521fbb9a":["17","27","33","25","29","20","23","31","36"],"096104e7d":["0","5","8","4","6","1","3","7","9"],"0d514cc3a":["21","2","24","26","32"],"0fe0ca163":["18","28","30","34","37","11"]},"versions":{"import":[13,"fdacd",14,"f047d",15,"9fe93",16,"776d2",10,"8bce7",12,"731f4"],"native":[0,"3016d",1,"90cf4",3,"4e0fc",4,"83fcc",5,"520a6",6,"9954a",7,"c06a9",8,"f5a6f",9,"54f2a"]},"redirect":[19,"0",22,"0",35,"0"],"debug":false,"extensionMap":{},"hasPreloadScript":true,"types":["cc.RenderPipeline","cc.PhysicsMaterial"]}