[1,["20g1ukYUVPvKWKBRznAKo+@f9941","20g1ukYUVPvKWKBRznAKo+@6c48a","42BYLBiodOLYnfCyZO9IdD@f9941","54TknWPwVPqJqeCR+Y/Czo@f9941","95EkngnxZFbYuFpsqVTaFr@f9941","42BYLBiodOLYnfCyZO9IdD@6c48a","54TknWPwVPqJqeCR+Y/Czo@6c48a","95EkngnxZFbYuFpsqVTaFr@6c48a"],["node","_textureSource","_spriteFrame","_cameraComponent","button","scene","_parent","_normalSprite","_hoverSprite","_pressedSprite","_disabledSprite"],["cc.SpriteFrame",["cc.Node",["_name","_layer","_id","_objFlags","_components","_parent","_children","_lpos"],-1,9,1,2,5],["cc.Sprite",["_sizeMode","_type","node","_spriteFrame","_color"],1,1,6,5],["cc.SceneAsset",["_name"],2],["cc.Node",["_name","_layer","_parent","_children","_components"],1,1,2,12],["cc.Node",["_name","_parent","_components","_lpos"],2,1,2,5],["cc.UITransform",["node","_contentSize"],3,1,5],["cc.Canvas",["node","_cameraComponent"],3,1,1],["cc.Widget",["_alignFlags","_top","_bottom","node"],0,1],["ee6daVZupRGn5Sc/NU25wby",["node","button"],3,1,1],["cc.Label",["_string","_actualFontSize","_fontSize","_overflow","_enableWrapText","node","_color"],-2,1,5],["cc.Scene",["_name","autoReleaseAssets","_children","_globals"],1,2,4],["cc.SceneGlobals",["ambient","shadows","_skybox","fog","octree","lightProbeInfo"],3,4,4,4,4,4,4],["cc.AmbientInfo",["_skyColorHDR","_groundAlbedoHDR"],3,5,5],["cc.ShadowsInfo",["_shadowColor","_size"],3,5,5],["cc.SkyboxInfo",[],3],["cc.FogInfo",[],3],["cc.OctreeInfo",[],3],["cc.LightProbeInfo",[],3],["cc.Camera",["_projection","_orthoHeight","_near","_visibility","node","_color"],-1,1,5],["cc.Button",["_transition","node","_normalColor","_target"],2,1,5,1]],[[6,0,1,1],[3,0,2],[1,0,1,2,6,4,7,4],[1,0,1,5,4,3],[1,0,3,1,5,4,4],[4,0,1,2,3,4,3],[5,0,1,2,3,2],[7,0,1,1],[8,0,1,2,3,4],[2,1,0,2,4,3,3],[2,0,2,3,2],[9,0,1,1],[10,0,1,2,3,4,5,6,6],[11,0,1,2,3,3],[12,0,1,2,3,4,5,1],[13,0,1,1],[14,0,1,1],[15,1],[16,1],[17,1],[18,1],[19,0,1,2,3,4,5,5],[20,0,1,2,3,2]],[[[{"name":"default_btn_normal","rect":{"x":0,"y":0,"width":40,"height":40},"offset":{"x":0,"y":0},"originalSize":{"width":40,"height":40},"rotated":false,"capInsets":[12,12,12,12],"vertices":{"rawPosition":[-20,-20,0,20,-20,0,-20,20,0,20,20,0],"indexes":[0,1,2,2,1,3],"uv":[0,40,40,40,0,0,40,0],"nuv":[0,0,1,0,0,1,1,1],"minPos":{"x":-20,"y":-20,"z":0},"maxPos":{"x":20,"y":20,"z":0}},"packable":true,"pixelsToUnit":100,"pivot":{"x":0.5,"y":0.5},"meshType":0}],[0],0,[0],[1],[1]],[[[1,"start"],[2,"Canvas",33554432,"beI88Z2HpFELqR4T5EMHpg",[-5,-6,-7],[[0,-1,[5,960,640]],[7,-3,-2],[8,45,5.684341886080802e-14,5.684341886080802e-14,-4]],[1,480,320.00000000000006,0]],[5,"start",33554432,1,[-13],[[[0,-8,[5,100,40]],[9,1,0,-9,[4,4283272167],1],-10,[11,-12,-11]],4,4,1,4]],[3,"map",33554432,1,[[0,-14,[5,960,600]],[10,0,-15,0]]],[4,"Label",512,33554432,2,[[0,-16,[5,100,40]],[12,"Start",20,20,1,false,-17,[4,4278190080]]]],[13,"start",true,[1],[14,[15,[2,0,0,0,0.520833125],[2,0,0,0,0]],[16,[4,4283190348],[0,512,512]],[17],[18],[19],[20]]],[6,"Camera",1,[-18],[1,0,0,1000]],[21,0,325.678496868476,0,1108344832,6,[4,4278190080]],[22,2,2,[4,4292269782],2]],0,[0,0,1,0,3,7,0,0,1,0,0,1,0,-1,6,0,-2,3,0,-3,2,0,0,2,0,0,2,0,-3,8,0,4,8,0,0,2,0,-1,4,0,0,3,0,0,3,0,0,4,0,0,4,0,-1,7,0,5,5,1,6,5,18],[0,0,8,8,8,8],[2,2,7,8,9,10],[2,0,0,0,3,4]],[[{"name":"map","rect":{"x":0,"y":0,"width":60,"height":60},"offset":{"x":0,"y":0},"originalSize":{"width":60,"height":60},"rotated":false,"capInsets":[0,0,0,0],"vertices":{"rawPosition":[-30,-30,0,30,-30,0,-30,30,0,30,30,0],"indexes":[0,1,2,2,1,3],"uv":[0,60,60,60,0,0,60,0],"nuv":[0,0,1,0,0,1,1,1],"minPos":{"x":-30,"y":-30,"z":0},"maxPos":{"x":30,"y":30,"z":0}},"packable":true,"pixelsToUnit":100,"pivot":{"x":0.5,"y":0.5},"meshType":0}],[0],0,[0],[1],[5]],[[{"name":"default_btn_pressed","rect":{"x":0,"y":0,"width":40,"height":40},"offset":{"x":0,"y":0},"originalSize":{"width":40,"height":40},"rotated":false,"capInsets":[12,12,12,12],"vertices":{"rawPosition":[-20,-20,0,20,-20,0,-20,20,0,20,20,0],"indexes":[0,1,2,2,1,3],"uv":[0,40,40,40,0,0,40,0],"nuv":[0,0,1,0,0,1,1,1],"minPos":{"x":-20,"y":-20,"z":0},"maxPos":{"x":20,"y":20,"z":0}},"packable":true,"pixelsToUnit":100,"pivot":{"x":0.5,"y":0.5},"meshType":0}],[0],0,[0],[1],[6]],[[{"name":"default_btn_disabled","rect":{"x":0,"y":0,"width":40,"height":40},"offset":{"x":0,"y":0},"originalSize":{"width":40,"height":40},"rotated":false,"capInsets":[12,12,12,12],"vertices":{"rawPosition":[-20,-20,0,20,-20,0,-20,20,0,20,20,0],"indexes":[0,1,2,2,1,3],"uv":[0,40,40,40,0,0,40,0],"nuv":[0,0,1,0,0,1,1,1],"minPos":{"x":-20,"y":-20,"z":0},"maxPos":{"x":20,"y":20,"z":0}},"packable":true,"pixelsToUnit":100,"pivot":{"x":0.5,"y":0.5},"meshType":0}],[0],0,[0],[1],[7]]]]
