[1,["2eBZhaVYFIFpYpC0AIC6wo@6c48a","2eBZhaVYFIFpYpC0AIC6wo@f9941"],["node","_textureSource","root","data","_spriteFrame"],["cc.SpriteFrame",["cc.Prefab",["_name"],2],["cc.Node",["_name","_layer","_components","_prefab"],1,9,4],["cc.UITransform",["node","__prefab","_contentSize"],3,1,4,5],["cc.CompPrefabInfo",["fileId"],2],["cc.Sprite",["node","__prefab","_spriteFrame"],3,1,4,6],["cc.BoxCollider2D",["_group","node","__prefab","_size"],2,1,4,5],["cc.RigidBody2D",["enabledContactListener","_group","node","__prefab"],1,1,4],["46e4eg1uSxJ9573gizThSh3",["node","__prefab"],3,1,4],["cc.PrefabInfo",["fileId","instance","targetOverrides","nestedPrefabInstanceRoots","root","asset"],-1,1,1]],[[4,0,2],[1,0,2],[2,0,1,2,3,3],[3,0,1,2,1],[5,0,1,2,1],[6,0,1,2,3,2],[7,0,1,2,3,3],[8,0,1,1],[9,0,1,2,3,4,5,5]],[[[{"name":"bullet","rect":{"x":0,"y":0,"width":10,"height":10},"offset":{"x":0,"y":0},"originalSize":{"width":10,"height":10},"rotated":false,"capInsets":[0,0,0,0],"vertices":{"rawPosition":[-5,-5,0,5,-5,0,-5,5,0,5,5,0],"indexes":[0,1,2,2,1,3],"uv":[0,10,10,10,0,0,10,0],"nuv":[0,0,1,0,0,1,1,1],"minPos":{"x":-5,"y":-5,"z":0},"maxPos":{"x":5,"y":5,"z":0}},"packable":true,"pixelsToUnit":100,"pivot":{"x":0.5,"y":0.5},"meshType":0}],[0],0,[0],[1],[0]],[[[1,"bullet"],[2,"bullet",33554432,[[3,-2,[0,"33PhNg+f1N2ry6UldPES1O"],[5,10,10]],[4,-3,[0,"b2t+tnOFxA1qeHwbB6jw3d"],0],[5,4,-4,[0,"ffqQPN2X1KXquo/IxtMdzr"],[5,10,10]],[6,true,4,-5,[0,"c2WaI5WJdNGrmmtCoAVbp3"]],[7,-6,[0,"5ay2wO5GJM2LGw2vXjdOAU"]]],[8,"78xpsNNgJMaqU/x/DjekcV",null,null,null,-1,0]]],0,[0,2,1,0,0,1,0,0,1,0,0,1,0,0,1,0,0,1,0,3,1,6],[0],[4],[1]]]]
