[1,["ed/Tv8L2BDiKxNCJx2ys0M@f9941","96YShOj1xKyZrTlrES2Mw/","35X15YD5JNwb1z+R2TF+Dq","ed/Tv8L2BDiKxNCJx2ys0M@6c48a"],["node","root","data","_spriteFrame","bang","bullet","_textureSource"],[["cc.Node",["_name","_layer","_components","_prefab","_lpos","_children","_parent"],1,9,4,5,2,1],"cc.SpriteFrame",["cc.Prefab",["_name"],2],["cc.UITransform",["node","__prefab","_contentSize"],3,1,4,5],["cc.CompPrefabInfo",["fileId"],2],["cc.Sprite",["node","__prefab","_spriteFrame"],3,1,4,6],["cc.BoxCollider2D",["_group","_friction","node","__prefab","_offset","_size"],1,1,4,5,5],["cc.RigidBody2D",["enabledContactListener","_group","_fixedRotation","node","__prefab"],0,1,4],["ca0da9tihVKS7Yrh15LQM+v",["speed","node","__prefab","target_position","bang","bullet"],2,1,4,5,6,6],["cc.PrefabInfo",["fileId","instance","targetOverrides","nestedPrefabInstanceRoots","root","asset"],-1,1,1]],[[4,0,2],[3,0,1,2,1],[9,0,1,2,3,4,5,5],[2,0,2],[0,0,1,5,2,3,4,3],[0,0,1,6,2,3,4,3],[5,0,1,2,1],[6,0,1,2,3,4,5,3],[7,0,1,2,3,4,4],[8,0,1,2,3,4,5,2]],[[[[3,"enemy"],[4,"enemy",33554432,[-7],[[1,-2,[0,"afiTA5N99DwZjSC8UkcXkR"],[5,60,45]],[6,-3,[0,"776NInYTJAf6dNEmTikqaU"],0],[7,2,0,-4,[0,"2eO11y5DBHbYbaSRqC764a"],[0,-8,0],[5,35,45]],[8,true,2,true,-5,[0,"55a3w7QrpJaIkwbBKMkoLs"]],[9,3,-6,[0,"1a6Ai+btxCMrwhLo1H5Ws9"],[1,689.709439552277,540.9021594992216,0],1,2]],[2,"37pOdwwzxFnIpRQGy+x7Ae",null,null,null,-1,0],[1,137.959,-180.142,0]],[5,"_fire_point",33554432,1,[[1,-8,[0,"69zcoulR5DxZyAv2KDaIVj"],[5,10,10]]],[2,"f2yJYS5lZAxIhpEJvnECYf",null,null,null,1,0],[1,37.901,-2.784,0]]],0,[0,1,1,0,0,1,0,0,1,0,0,1,0,0,1,0,0,1,0,-1,2,0,0,2,0,2,1,8],[0,0,0],[3,4,5],[0,1,2]],[[{"name":"enemy","rect":{"x":0,"y":0,"width":60,"height":45},"offset":{"x":0,"y":0},"originalSize":{"width":60,"height":45},"rotated":false,"capInsets":[0,0,0,0],"vertices":{"rawPosition":[-30,-22.5,0,30,-22.5,0,-30,22.5,0,30,22.5,0],"indexes":[0,1,2,2,1,3],"uv":[0,45,60,45,0,0,60,0],"nuv":[0,0,1,0,0,1,1,1],"minPos":{"x":-30,"y":-22.5,"z":0},"maxPos":{"x":30,"y":22.5,"z":0}},"packable":true,"pixelsToUnit":100,"pivot":{"x":0.5,"y":0.5},"meshType":0}],[1],0,[0],[6],[3]]]]
