[1,["20g1ukYUVPvKWKBRznAKo+@f9941","59sHRkF1tCl6Tzw1thpr4i@f9941","1dyPYgoLBMGZvZywpusbfj@f9941","1dyPYgoLBMGZvZywpusbfj@6c48a","59sHRkF1tCl6Tzw1thpr4i@6c48a","84GL+FgDZDpYIOWnq9Lvip@6c48a","957/Hi6MtK25ZrN1hkeyZI@6c48a","b6Vd8u02dC0ZdNP95tlv17@6c48a","42BYLBiodOLYnfCyZO9IdD@f9941","957/Hi6MtK25ZrN1hkeyZI@f9941","b6Vd8u02dC0ZdNP95tlv17@f9941","84GL+FgDZDpYIOWnq9Lvip@f9941","35X15YD5JNwb1z+R2TF+Dq","1fq5L+6oZPZYq0a7SAdqiE","54TknWPwVPqJqeCR+Y/Czo@f9941","95EkngnxZFbYuFpsqVTaFr@f9941","96YShOj1xKyZrTlrES2Mw/"],["node","_spriteFrame","_textureSource","_parent","_cameraComponent","turn_stick","button","tank","scene","move_stick","bullet","enemy_tank","_normalSprite","_hoverSprite","_pressedSprite","_disabledSprite","bang"],[["cc.Node",["_name","_layer","_id","_active","_objFlags","_components","_parent","_lpos","_children","_lscale"],-2,9,1,5,2,5],"cc.SpriteFrame",["cc.Sprite",["_type","_sizeMode","_fillRange","node","_spriteFrame","_color"],0,1,6,5],["cc.Widget",["_alignFlags","_bottom","_left","_right","_top","node"],-2,1],["cc.Label",["_string","_actualFontSize","_fontSize","_overflow","_enableWrapText","node","_color"],-2,1,5],["cc.Node",["_name","_layer","_children","_components","_parent","_lpos"],1,2,12,1,5],["cc.UITransform",["node","_contentSize"],3,1,5],["cc.Camera",["_projection","_orthoHeight","_near","_visibility","_name","_priority","_clearFlags","node","_color"],-4,1,5],["cc.SceneAsset",["_name"],2],["cc.Node",["_name","_mobility","_layer","_parent","_components","_lpos"],0,1,2,5],["cc.Canvas",["node","_cameraComponent"],3,1,1],["d2a98dyS9JKb625vCCLH/6P",["node"],3,1],["cc.RigidBody2D",["enabledContactListener","_group","_fixedRotation","node"],0,1],["15ca3/c7KpPwL7gwCciecNW",["node","turn_stick"],3,1,1],["cc.CircleCollider2D",["_group","_radius","node"],1,1],["cc.ProgressBar",["_totalLength","_progress","node"],1,1],["cc.BoxCollider2D",["node","_offset","_size"],3,1,5,5],["e60680jm/RBcrqlguKh7HX4",["node","button"],3,1,1],["cc.UIOpacity",["_opacity","node"],2,1],["598a9dDNUhNYquImT4xjA5H",["node","tank"],3,1,1],["200c6IFzzdAy62jSMzMJlDY",["node"],3,1],["bd16bb9IuBN+4EPetMV6VbO",["node","sticks"],3,1,1],["5708fyGAlhKzoUXI6Pw+0i5",["node","stick","tank","bullet"],3,1,1,1,6],["07a0enLZOlLQJ/ya19qyFAd",["enemy_num","node","enemy_tank"],2,1,6],["cc.Scene",["_name","autoReleaseAssets","_children","_prefab","_globals"],1,2,4,4],["cc.PrefabInfo",["root","asset","fileId","instance","targetOverrides","nestedPrefabInstanceRoots"],-3],["cc.SceneGlobals",["ambient","shadows","_skybox","fog","octree","lightProbeInfo"],3,4,4,4,4,4,4],["cc.AmbientInfo",["_skyColorHDR","_groundAlbedoHDR"],3,5,5],["cc.ShadowsInfo",["_shadowColor","_size"],3,5,5],["cc.SkyboxInfo",[],3],["cc.FogInfo",[],3],["cc.OctreeInfo",[],3],["cc.LightProbeInfo",[],3],["951f0mHpclLKbs/judp7Ku3",["node","camera"],3,1,1],["6ceafg7H9BAf49bCRl3uWwJ",["node","sticks"],3,1,1],["cc.Button",["_transition","node","_normalColor","_target"],2,1,5,1]],[[6,0,1,1],[0,0,1,6,5,3],[0,0,1,6,5,7,3],[2,1,3,4,2],[6,0,1],[16,0,1,2,1],[18,0,1,2],[5,0,1,4,2,3,5,3],[2,0,1,3,4,3],[8,0,2],[0,0,1,2,8,5,7,4],[0,0,1,6,8,5,7,3],[0,0,1,8,5,7,3],[0,0,3,1,6,8,5,4],[0,0,4,1,6,5,4],[0,0,1,6,5,7,9,3],[5,0,1,2,3,3],[9,0,1,2,3,4,5,4],[10,0,1,1],[3,0,2,3,4,1,5,6],[3,0,2,1,5,4],[3,0,3,1,5,4],[11,0,1],[2,3,4,1],[2,0,2,3,5,4,3],[12,0,1,2,3,4],[13,0,1,1],[14,0,1,2,3],[15,0,1,2,3],[17,0,1,1],[19,0,1,1],[20,0,1],[4,0,1,2,5,4],[4,0,1,2,3,4,5,6,6],[4,0,1,2,5,6,4],[21,0,1,1],[22,0,1,2,3,1],[23,0,1,2,2],[24,0,1,2,3,4,3],[25,0,1,2,3,4,5,7],[26,0,1,2,3,4,5,1],[27,0,1,1],[28,0,1,1],[29,1],[30,1],[31,1],[32,1],[7,0,1,2,3,7,8,5],[7,4,0,5,1,2,6,3,7,8,8],[33,0,1,1],[34,0,1,1],[35,0,1,2,3,2]],[[[{"name":"sticks","rect":{"x":0,"y":0,"width":80,"height":76},"offset":{"x":0,"y":0},"originalSize":{"width":80,"height":76},"rotated":false,"capInsets":[0,0,0,0],"vertices":{"rawPosition":[-40,-38,0,40,-38,0,-40,38,0,40,38,0],"indexes":[0,1,2,2,1,3],"uv":[0,76,80,76,0,0,80,0],"nuv":[0,0,1,0,0,1,1,1],"minPos":{"x":-40,"y":-38,"z":0},"maxPos":{"x":40,"y":38,"z":0}},"packable":true,"pixelsToUnit":100,"pivot":{"x":0.5,"y":0.5},"meshType":0}],[1],0,[0],[2],[3]],[[{"name":"stick_bg","rect":{"x":0,"y":0,"width":219,"height":212},"offset":{"x":0,"y":0},"originalSize":{"width":219,"height":212},"rotated":false,"capInsets":[0,0,0,0],"vertices":{"rawPosition":[-109.5,-106,0,109.5,-106,0,-109.5,106,0,109.5,106,0],"indexes":[0,1,2,2,1,3],"uv":[0,212,219,212,0,0,219,0],"nuv":[0,0,1,0,0,1,1,1],"minPos":{"x":-109.5,"y":-106,"z":0},"maxPos":{"x":109.5,"y":106,"z":0}},"packable":true,"pixelsToUnit":100,"pivot":{"x":0.5,"y":0.5},"meshType":0}],[1],0,[0],[2],[4]],[[{"name":"player","rect":{"x":0,"y":0,"width":35,"height":35},"offset":{"x":0,"y":0},"originalSize":{"width":35,"height":35},"rotated":false,"capInsets":[0,0,0,0],"vertices":{"rawPosition":[-17.5,-17.5,0,17.5,-17.5,0,-17.5,17.5,0,17.5,17.5,0],"indexes":[0,1,2,2,1,3],"uv":[0,35,35,35,0,0,35,0],"nuv":[0,0,1,0,0,1,1,1],"minPos":{"x":-17.5,"y":-17.5,"z":0},"maxPos":{"x":17.5,"y":17.5,"z":0}},"packable":true,"pixelsToUnit":100,"pivot":{"x":0.5,"y":0.5},"meshType":0}],[1],0,[0],[2],[5]],[[{"name":"bar","rect":{"x":0,"y":0,"width":25,"height":5},"offset":{"x":0,"y":0},"originalSize":{"width":25,"height":5},"rotated":false,"capInsets":[0,0,0,0],"vertices":{"rawPosition":[-12.5,-2.5,0,12.5,-2.5,0,-12.5,2.5,0,12.5,2.5,0],"indexes":[0,1,2,2,1,3],"uv":[0,5,25,5,0,0,25,0],"nuv":[0,0,1,0,0,1,1,1],"minPos":{"x":-12.5,"y":-2.5,"z":0},"maxPos":{"x":12.5,"y":2.5,"z":0}},"packable":true,"pixelsToUnit":100,"pivot":{"x":0.5,"y":0.5},"meshType":0}],[1],0,[0],[2],[6]],[[{"name":"ui_bg","rect":{"x":0,"y":0,"width":150,"height":150},"offset":{"x":0,"y":0},"originalSize":{"width":150,"height":150},"rotated":false,"capInsets":[0,0,0,0],"vertices":{"rawPosition":[-75,-75,0,75,-75,0,-75,75,0,75,75,0],"indexes":[0,1,2,2,1,3],"uv":[0,150,150,150,0,0,150,0],"nuv":[0,0,1,0,0,1,1,1],"minPos":{"x":-75,"y":-75,"z":0},"maxPos":{"x":75,"y":75,"z":0}},"packable":true,"pixelsToUnit":100,"pivot":{"x":0.5,"y":0.5},"meshType":0}],[1],0,[0],[2],[7]],[[[9,"graph"],[10,"Canvas",33554432,"beI88Z2HpFELqR4T5EMHpg",[-6,-7,-8,-9,-10,-11,-12],[[0,-1,[5,960,640]],[18,-3,-2],[19,45,-5.684341886080802e-14,-5.684341886080802e-14,5.684341886080802e-14,5.684341886080802e-14,-4],[22,-5]],[1,479.99999999999994,320.00000000000006,0]],[7,"player",33554432,1,[-21,-22],[[[0,-13,[5,35,35]],[23,-14,8],[25,true,8,true,-15],-16,[26,-18,-17],[27,8,17.5,-19],[28,3,0.3,-20]],4,4,4,1,4,4,4],[1,20,-161,0]],[1,"map",33554432,1,[[0,-23,[5,960,600]],[8,2,0,-24,0],[5,-25,[0,-0.8,291.8],[5,958.5,16.4]],[5,-26,[0,-469.8,-1.5],[5,20.2,597]],[5,-27,[0,471.4,2.3],[5,17.2,595.5]],[5,-28,[0,0,-291.8],[5,960,16.4]]]],[11,"UI_root",1,1,[-30,-31,-32,-33,-34],[[0,-29,[5,84.51,50.4]]],[1,3.58,0.001,0]],[16,"return_to_start",1,[-40],[[[0,-35,[5,100,40]],[8,1,0,-36,2],-37,[29,-39,-38]],4,4,1,4]],[7,"joystick_left",1,4,[-44,-45],[[[4,-41],[20,12,-306.466,-197.965,-42],-43],4,4,1],[1,-298.721,-173.165,0]],[7,"joystick_right",1,4,[-49,-50],[[[4,-46],[21,36,-312.778,-202.02300000000002,-47],-48],4,4,1],[1,305.033,-177.223,0]],[12,"ui_bg",1,[-53,5],[[0,-51,[5,500,300]],[3,0,-52,3]],[1,15,62,0]],[1,"sticks",1,7,[[0,-54,[5,70,70]],[3,0,-55,5],[6,50,-56]]],[1,"sticks",1,6,[[0,-57,[5,70,70]],[3,0,-58,7],[6,50,-59]]],[2,"bar",33554432,2,[[0,-60,[5,25,5]],[24,3,1,-61,[4,4278255360],1],[30,-63,-62]],[1,1.795,-21.938,0]],[13,"alter",false,1,4,[8],[[4,-64],[31,-65]]],[1,"stick_bg",1,7,[[0,-66,[5,180,180]],[3,0,-67,4],[6,50,-68]]],[1,"stick_bg",1,6,[[0,-69,[5,180,180]],[3,0,-70,6],[6,50,-71]]],[17,"Camera",2,33554432,1,[-72],[1,0,0,1000]],[2,"clear",1,8,[[0,-73,[5,111.12,50.4]],[32,"你的得分：0",20,20,-74]],[1,-15,71,0]],[14,"Label",512,1,5,[[0,-75,[5,100,40]],[33,"返回标题",20,20,1,false,-76,[4,4278190080]]]],[35,7,9],[2,"Score",1,4,[[0,-77,[5,11.12,50.4]],[34,"0",20,20,-78,[4,4278650877]]],[1,-11.81,263.361,0]],[15,"shoot_area_1",33554432,1,[[0,-79,[5,200,800]],[36,-80,18,2,9]],[1,2.362000000000023,115.738,0],[1,9.5,1.7,1]],[2,"enemy_birth_area",33554432,1,[[0,-81,[5,900,200]],[37,2,-82,10]],[1,-2.789,171.553,0]],[38,"graph",true,[1],[39,null,null,"bd137fb6-7741-4c19-92d5-c91bea0c34c1",null,null,null],[40,[41,[2,0,0,0,0.520833125],[2,0,0,0,0]],[42,[4,4283190348],[0,512,512]],[43],[44],[45],[46]]],[47,0,325.678496868476,0,1408237568,15,[4,4278190080]],[2,"fire_point",33554432,2,[[0,-83,[5,10,10]]],[1,0.643,24.021,0]],[49,2,15],[50,6,10],[51,2,5,[4,4292269782],5],[1,"UI_camera",1,4,[[48,"Camera<CameraComponent>",0,1,350,0,0,1,-84,[4,4278190080]]]],[1,"Bomb",33554432,1,[[4,-85]]]],0,[0,0,1,0,4,23,0,0,1,0,0,1,0,0,1,0,-1,15,0,-2,3,0,-3,2,0,-4,20,0,-5,4,0,-6,21,0,-7,29,0,0,2,0,0,2,0,0,2,0,-4,25,0,5,18,0,0,2,0,0,2,0,0,2,0,-1,24,0,-2,11,0,0,3,0,0,3,0,0,3,0,0,3,0,0,3,0,0,3,0,0,4,0,-1,12,0,-2,6,0,-3,7,0,-4,28,0,-5,19,0,0,5,0,0,5,0,-3,27,0,6,27,0,0,5,0,-1,17,0,0,6,0,0,6,0,-3,26,0,-1,14,0,-2,10,0,0,7,0,0,7,0,-3,18,0,-1,13,0,-2,9,0,0,8,0,0,8,0,-1,16,0,0,9,0,0,9,0,0,9,0,0,10,0,0,10,0,0,10,0,0,11,0,0,11,0,7,25,0,0,11,0,0,12,0,0,12,0,0,13,0,0,13,0,0,13,0,0,14,0,0,14,0,0,14,0,-1,23,0,0,16,0,0,16,0,0,17,0,0,17,0,0,19,0,0,19,0,0,20,0,0,20,0,0,21,0,0,21,0,0,24,0,0,28,0,0,29,0,8,22,1,3,22,5,3,8,8,3,12,25,9,26,85],[0,0,0,0,0,0,0,0,0,0,0,27,27,27,27,25],[1,1,1,1,1,1,1,1,1,10,11,12,13,14,15,16],[8,9,0,10,1,2,1,2,11,12,13,0,0,14,15,16]]]]
